{
    "rmse": 0.6494720930058357,
    "mae": 0.5070119459248923,
    "r2": 0.3005902842092837
}